{
  "Matthew": {
    "mean_dwell": [
      68.0,
      73.8,
      67.0,
      63.8,
      75.4,
      59.4,
      64.2,
      74.0,
      67.4,
      62.6,
      61.2,
      69.8,
      67.6,
      77.8,
      63.8,
      72.6,
      65.8,
      58.2,
      83.2
    ],
    "std_dwell": [
      13.47219358530748,
      10.2810505299799,
      10.677078252031311,
      5.495452665613635,
      14.67310464761974,
      14.67310464761974,
      7.52994023880668,
      5.522680508593631,
      9.016651263079881,
      7.635443667528429,
      7.085195833567341,
      9.654014708917737,
      8.080841540334768,
      7.52994023880668,
      7.085195833567341,
      8.988882021697693,
      9.20326029187483,
      9.884331034521255,
      10.425929215182693
    ],
    "mean_flight": [
      158.8,
      114.6,
      393.2,
      380.6,
      79.0,
      124.4,
      47.4,
      18.2,
      148.2,
      278.8,
      192.2,
      149.6,
      141.0,
      144.8,
      161.6,
      328.2,
      40.2,
      147.0
    ],
    "std_flight": [
      126.5867291622625,
      105.20836468646398,
      329.3056331130702,
      130.6495311893617,
      20.46948949045872,
      14.791889669680476,
      7.987490219086343,
      4.43846820423443,
      14.788509052639485,
      127.30946547684505,
      104.3393501992417,
      123.55889284062074,
      118.70551798463288,
      143.20160613624415,
      97.74098423895678,
      180.96601890962845,
      22.884492565927694,
      44.02272140611028
    ],
    "num_samples": 5
  }
}